{"p90": 0.3927170276641845, "p95": 0.5558765172958359, "p99": 0.978498606681818, "median": 0.12370574474334717, "mean": 0.19428070068359374, "n": 200, "thresh_used": 0.5558765172958359}